node,pagerank
Business News: Company Stock Update,0.023615741340126523
Politics News: Government Diplomacy Update,0.018441371364409338
Politics News: Policy Minister Update,0.016563751012866064
Politics News: Minister Parliament Update,0.01511998334758989
Entertainment News: Concert Music Update,0.014394447795843021
Technology News: Network Data Update,0.014222438693834227
Politics News: Diplomacy Parliament Update,0.01404710763918853
Politics News: Government Parliament Update,0.013489187376880667
Entertainment News: Award Film Update,0.013270285947108877
Entertainment News: Show Award Update,0.013036444403897592
Cloud Computing Adoption Accelerates,0.012853078256335667
Entertainment News: Show Theater Update,0.012773481324130887
Business News: Banking Profit Update,0.012513622460382645
Politics News: Campaign Parliament Update,0.012472373554410873
Business News: Trade Market Update,0.01169689659758291
Technology News: Network Software Update,0.011626730716214912
Politics News: Minister Election Update,0.011533817219668256
Entertainment News: Performance Show Update,0.01132186371416519
Technology News: Startup Digital Update,0.011224346211956063
Global Markets Rise Amid Economic Recovery,0.01120806238123286
Business News: Company Retail Update,0.010649385300296443
Business News: Trade Economy Update,0.010298817054758252
Entertainment News: Theater Film Update,0.010079261703777636
Business News: Market Finance Update,0.010034129372797886
Sports News: Victory Championship Update,0.010018100203291155
Entertainment News: Film Show Update,0.009938078366828876
Artificial Intelligence Breakthrough Announced,0.009727110974366104
Politics News: Election Legislation Update,0.009513185781303921
Sports News: Season Score Update,0.009365297811731928
Technology News: Device Platform Update,0.009359066679047252
Politics News: Government Policy Update,0.00930729301882043
Business News: Market Profit Update,0.009208703656916013
Sports News: Athlete Championship Update,0.009011000759317789
Politics News: Election Parliament Update,0.008969153681442596
Blockbuster Film Breaks Box Office Records,0.008885563881739016
Sports News: Tournament Season Update,0.008842590721828
Entertainment News: Concert Film Update,0.008797461206893698
Business News: Stock Trade Update,0.00878823327150171
Sports News: Score Championship Update,0.008718172501930948
Entertainment News: Music Theater Update,0.008711517746064894
Technology News: Innovation Algorithm Update,0.008674900782620633
Politics News: Government Legislation Update,0.008623327677926309
Cybersecurity Threats Increase Globally,0.008568141703136514
Entertainment News: Celebrity Concert Update,0.008455943158931256
Celebrity Couple Announces Engagement,0.008383475690812414
Sports News: Tournament Championship Update,0.008324398173723534
Entertainment News: Actor Award Update,0.00829101780295922
Entertainment News: Concert Award Update,0.008236194719842726
Sports News: Athlete Score Update,0.008171947510800606
Sports News: Match Team Update,0.008132876891345227
Politics News: Campaign Diplomacy Update,0.007958719668421363
Technology News: Startup Innovation Update,0.007872072092674763
Award Ceremony Celebrates Television Excellence,0.007803511820122175
Sports News: Player Season Update,0.007664702476572794
Business News: Investment Trade Update,0.007558752870505445
Politics News: Policy Diplomacy Update,0.007476860056505553
Technology News: Startup Hardware Update,0.007447890607637439
Politics News: Election Diplomacy Update,0.007429102648471663
Sports News: Victory Player Update,0.007345421507066685
Entertainment News: Celebrity Actor Update,0.00733897147830585
Music Festival Announces Lineup,0.007306894846416727
Technology News: Innovation Data Update,0.007287148699842361
Business News: Trade Stock Update,0.007280209145824196
Sports News: Victory Season Update,0.007209532371543255
Technology News: Startup Platform Update,0.007142634289370712
Politics News: Government Reform Update,0.007111207487777361
Politics News: Vote Minister Update,0.0070917825319779726
Politics News: Vote Election Update,0.00707938496375833
Technology News: Hardware Startup Update,0.006998101991193774
Business News: Company Trade Update,0.0069802756096644485
Marathon Event Attracts Thousands of Runners,0.006775212833484709
Politics News: Vote Parliament Update,0.006701073728910766
Business News: Company Investment Update,0.006682097072115476
Entertainment News: Theater Album Update,0.006672200243609282
Technology News: Network Algorithm Update,0.00658565558793134
Technology News: Data Hardware Update,0.006577889117110308
Tennis Star Wins Grand Slam Title,0.006567940261959752
Entertainment News: Show Film Update,0.006445809337502104
Technology News: Digital Platform Update,0.006345317504505775
Technology News: Algorithm Data Update,0.0062543008456899295
Business News: Trade Profit Update,0.006195484754765125
Sports News: Victory Score Update,0.006163971883784671
New Streaming Series Receives Critical Acclaim,0.006131561653242028
Entertainment News: Album Celebrity Update,0.005972312964064608
Business News: Market Stock Update,0.0058678305284859495
Sports News: Player Championship Update,0.005831172857652481
Smartphone Manufacturer Launches Flagship Device,0.0058299248084787295
Politics News: Reform Minister Update,0.005671175786412828
Tech Giants Report Record Profits,0.005666421882078033
Sports News: Championship Player Update,0.005664196999319735
Politics News: Diplomacy Vote Update,0.005634166648937868
Government Announces New Policy Initiative,0.005619603472493736
Olympic Athletes Prepare for Competition,0.005563092878242894
Parliament Debates Healthcare Reform,0.005509019369202919
Business News: Stock Profit Update,0.0054671367437487805
Technology News: Platform Device Update,0.005386103621291488
Technology News: Digital Software Update,0.005148884809315163
Entertainment News: Performance Celebrity Update,0.005047305104121104
Politics News: Policy Reform Update,0.005043607405089123
Politics News: Reform Diplomacy Update,0.004802551826250851
Sports News: Season Player Update,0.004660569417687803
Business News: Banking Stock Update,0.0046558696268692475
Business News: Economy Profit Update,0.004566445850284893
Technology News: Hardware Network Update,0.004453873310273207
Entertainment News: Actor Concert Update,0.004372235915386469
Entertainment News: Film Music Update,0.004357178835200358
Entertainment News: Music Film Update,0.003975264874347199
Technology News: Hardware Data Update,0.003972478519844836
Entertainment News: Album Music Update,0.00393474204524286
Banking Sector Faces New Regulations,0.0039006588134750967
Sports News: Championship Victory Update,0.0038259261677167115
Technology News: Digital Hardware Update,0.0037539658342095163
Technology News: Device Startup Update,0.003734377747489707
Business News: Company Profit Update,0.0035694620773997245
Championship Final Draws Record Viewership,0.0035645437396364136
Sports News: Tournament Score Update,0.0034857591643241304
Sports News: Coach Player Update,0.003394875851598634
Politics News: Vote Policy Update,0.003393799542651713
Football Transfer Window Sees Major Deals,0.0033741374150035083
Technology News: Network Hardware Update,0.00328681645965807
Politics News: Parliament Legislation Update,0.003283099807952992
International Summit Addresses Climate Change,0.0032206921243462094
Retail Sales Show Unexpected Growth,0.003190494400447337
Entertainment News: Concert Actor Update,0.0031584133308546185
Electric Vehicle Technology Advances,0.0031440830680418584
Technology News: Network Digital Update,0.0031002867179350333
Technology News: Device Software Update,0.003094211481671277
Sports News: Player Tournament Update,0.0029846443870554925
Sports News: Score Team Update,0.0029402845969956556
Business News: Retail Stock Update,0.0025879791605290976
Oil Prices Fluctuate on Supply Concerns,0.002490490923776484
Technology News: Device Hardware Update,0.002405151340606552
Business News: Stock Investment Update,0.002398461213228777
Entertainment News: Show Music Update,0.0023137562486381484
Entertainment News: Theater Performance Update,0.002313609266557318
Entertainment News: Theater Award Update,0.002293521116154684
Entertainment News: Concert Show Update,0.001973987367584691
Election Campaign Intensifies,0.0010791366906474822
Trade Negotiations Continue Between Nations,0.0010791366906474822
