title,content,category
Global Markets Rise Amid Economic Recovery,Stock markets across Europe and Asia showed strong gains today as investors responded positively to economic recovery signals. The FTSE 100 rose by 2.3% while major tech companies led the rally. Analysts suggest that consumer confidence is returning after months of uncertainty. Banking stocks performed particularly well with several institutions reporting better than expected quarterly results.,business
Tech Giants Report Record Profits,"Major technology companies announced record-breaking profits for the quarter. Apple, Google, and Microsoft all exceeded analyst expectations. The tech sector continues to dominate market performance with strong revenue growth. Investors are optimistic about future earnings as digital transformation accelerates globally.",business
Oil Prices Fluctuate on Supply Concerns,Crude oil prices experienced significant volatility this week amid concerns about global supply chains. Energy markets reacted to production announcements from major oil-producing nations. Analysts predict continued fluctuation as demand patterns shift. The energy sector remains a key focus for investors monitoring economic indicators.,business
Retail Sales Show Unexpected Growth,High street retailers reported stronger than expected sales figures for the month. Consumer spending increased despite economic headwinds. Online retail continued its growth trajectory with e-commerce platforms seeing record traffic. The retail sector shows resilience as shopping patterns evolve.,business
Banking Sector Faces New Regulations,Financial regulators announced new compliance requirements for major banks. The banking industry must adapt to stricter capital requirements and reporting standards. Industry leaders express concerns about implementation costs while acknowledging the need for stability. Market analysts assess the potential impact on profitability and lending practices.,business
Artificial Intelligence Breakthrough Announced,Researchers unveiled a major advancement in artificial intelligence capabilities. The new AI system demonstrates improved reasoning and problem-solving skills. Technology experts praise the innovation as a significant step forward. Applications range from healthcare diagnostics to autonomous vehicles. The breakthrough raises both excitement and ethical considerations.,technology
Smartphone Manufacturer Launches Flagship Device,"A leading smartphone maker introduced its latest flagship model with advanced features. The device includes improved camera technology, faster processing, and enhanced battery life. Consumer interest is high as pre-orders exceed expectations. The mobile technology market remains highly competitive with continuous innovation.",technology
Cybersecurity Threats Increase Globally,Security experts warn of rising cyber attacks targeting businesses and individuals. Ransomware incidents have surged significantly over the past quarter. Organizations are urged to strengthen their defense systems and update security protocols. Government agencies collaborate on international cybersecurity initiatives to combat threats.,technology
Cloud Computing Adoption Accelerates,Enterprise adoption of cloud computing services continues to grow rapidly. Companies migrate infrastructure to cloud platforms for scalability and cost efficiency. Major cloud providers report substantial revenue increases. The shift to remote work has accelerated digital transformation initiatives across industries.,technology
Electric Vehicle Technology Advances,Electric vehicle manufacturers announce improvements in battery technology and charging infrastructure. New batteries offer extended range and faster charging times. The automotive industry invests heavily in electric mobility solutions. Environmental regulations drive the transition away from traditional combustion engines.,technology
Government Announces New Policy Initiative,The government unveiled a comprehensive policy package addressing economic and social challenges. Ministers outlined plans for investment in infrastructure and public services. Opposition parties critique the proposals while supporting certain elements. Political analysts assess the potential impact on upcoming elections.,politics
International Summit Addresses Climate Change,World leaders gathered for a major climate summit to discuss environmental policies. Nations committed to ambitious emissions reduction targets. Diplomatic negotiations focused on balancing economic development with sustainability. Environmental activists call for more aggressive action on climate issues.,politics
Parliament Debates Healthcare Reform,Legislators engaged in heated debates over proposed healthcare system reforms. The bill aims to improve access and reduce waiting times. Medical professionals offer mixed reactions to the proposals. Patient advocacy groups lobby for specific amendments to the legislation.,politics
Trade Negotiations Continue Between Nations,International trade talks progressed with discussions on tariffs and market access. Negotiators work to resolve longstanding disputes between trading partners. Business leaders monitor developments closely for potential impacts. Economic analysts predict outcomes could affect global supply chains.,politics
Election Campaign Intensifies,Political parties ramp up campaigning activities ahead of upcoming elections. Candidates participate in debates focusing on key voter concerns. Polling data shows tight races in several constituencies. Voter turnout expectations are high as civic engagement increases.,politics
Championship Final Draws Record Viewership,The championship final attracted millions of viewers worldwide setting new records. The thrilling match ended with a dramatic last-minute victory. Fans celebrated the historic achievement of the winning team. Sports analysts praise the quality of play and tactical brilliance displayed.,sports
Olympic Athletes Prepare for Competition,Athletes from around the world finalize preparations for the upcoming Olympic Games. Training camps intensify as competitors peak for the event. National teams announce their final rosters. Expectations are high for record-breaking performances in multiple disciplines.,sports
Football Transfer Window Sees Major Deals,The football transfer market witnessed several high-profile player movements. Clubs spent record amounts to secure top talent. Managers express satisfaction with squad reinforcements. Fans react to the signings with excitement and anticipation for the season.,sports
Tennis Star Wins Grand Slam Title,A rising tennis star claimed their first grand slam championship in a stunning final. The match showcased exceptional skill and determination from both players. Tennis enthusiasts celebrate the emergence of new talent. Rankings will shift significantly following the tournament results.,sports
Marathon Event Attracts Thousands of Runners,The annual city marathon drew record participation with runners from dozens of countries. Elite athletes competed for prize money alongside amateur participants. The event raised significant funds for charitable causes. Organizers praise the community support and successful execution.,sports
Blockbuster Film Breaks Box Office Records,The latest blockbuster film shattered box office records in its opening weekend. Audiences flocked to theaters for the highly anticipated release. Critics offer positive reviews praising the production quality and performances. The film industry celebrates the return of strong theatrical attendance.,entertainment
Music Festival Announces Lineup,Organizers revealed the performer lineup for the summer music festival. Major artists from various genres will headline the event. Ticket sales exceed expectations with early bird passes selling out quickly. Music fans express excitement about the diverse programming.,entertainment
Award Ceremony Celebrates Television Excellence,The annual television awards honored outstanding achievements in broadcasting. Dramas and comedies received recognition for writing and acting. Streaming platforms dominated nominations alongside traditional networks. Industry professionals gather to celebrate creative accomplishments.,entertainment
Celebrity Couple Announces Engagement,A popular celebrity couple shared their engagement news with fans. Social media erupted with congratulations from followers and fellow celebrities. The announcement generated widespread media coverage. Fans speculate about wedding plans and future projects.,entertainment
New Streaming Series Receives Critical Acclaim,A newly released streaming series garnered critical praise and strong viewer numbers. The show features compelling storytelling and high production values. Subscribers sign up for the platform specifically to watch the series. Entertainment critics predict award nominations for the cast and creators.,entertainment
Business News: Market Profit Update,"In recent business developments, market and profit have become key focuses. Experts discuss the implications of company trends. The business sector continues to evolve with new market initiatives. Stakeholders monitor profit metrics closely. Industry leaders emphasize the importance of company strategies for future growth.",business
Technology News: Digital Hardware Update,"In recent technology developments, digital and hardware have become key focuses. Experts discuss the implications of platform trends. The technology sector continues to evolve with new digital initiatives. Stakeholders monitor hardware metrics closely. Industry leaders emphasize the importance of platform strategies for future growth.",technology
Entertainment News: Theater Film Update,"In recent entertainment developments, theater and film have become key focuses. Experts discuss the implications of award trends. The entertainment sector continues to evolve with new theater initiatives. Stakeholders monitor film metrics closely. Industry leaders emphasize the importance of award strategies for future growth.",entertainment
Business News: Company Retail Update,"In recent business developments, company and retail have become key focuses. Experts discuss the implications of market trends. The business sector continues to evolve with new company initiatives. Stakeholders monitor retail metrics closely. Industry leaders emphasize the importance of market strategies for future growth.",business
Entertainment News: Concert Award Update,"In recent entertainment developments, concert and award have become key focuses. Experts discuss the implications of theater trends. The entertainment sector continues to evolve with new concert initiatives. Stakeholders monitor award metrics closely. Industry leaders emphasize the importance of theater strategies for future growth.",entertainment
Technology News: Device Startup Update,"In recent technology developments, device and startup have become key focuses. Experts discuss the implications of software trends. The technology sector continues to evolve with new device initiatives. Stakeholders monitor startup metrics closely. Industry leaders emphasize the importance of software strategies for future growth.",technology
Technology News: Network Data Update,"In recent technology developments, network and data have become key focuses. Experts discuss the implications of startup trends. The technology sector continues to evolve with new network initiatives. Stakeholders monitor data metrics closely. Industry leaders emphasize the importance of startup strategies for future growth.",technology
Technology News: Innovation Data Update,"In recent technology developments, innovation and data have become key focuses. Experts discuss the implications of hardware trends. The technology sector continues to evolve with new innovation initiatives. Stakeholders monitor data metrics closely. Industry leaders emphasize the importance of hardware strategies for future growth.",technology
Business News: Trade Stock Update,"In recent business developments, trade and stock have become key focuses. Experts discuss the implications of economy trends. The business sector continues to evolve with new trade initiatives. Stakeholders monitor stock metrics closely. Industry leaders emphasize the importance of economy strategies for future growth.",business
Politics News: Reform Minister Update,"In recent politics developments, reform and minister have become key focuses. Experts discuss the implications of government trends. The politics sector continues to evolve with new reform initiatives. Stakeholders monitor minister metrics closely. Industry leaders emphasize the importance of government strategies for future growth.",politics
Sports News: Season Player Update,"In recent sports developments, season and player have become key focuses. Experts discuss the implications of athlete trends. The sports sector continues to evolve with new season initiatives. Stakeholders monitor player metrics closely. Industry leaders emphasize the importance of athlete strategies for future growth.",sports
Business News: Banking Profit Update,"In recent business developments, banking and profit have become key focuses. Experts discuss the implications of economy trends. The business sector continues to evolve with new banking initiatives. Stakeholders monitor profit metrics closely. Industry leaders emphasize the importance of economy strategies for future growth.",business
Entertainment News: Concert Music Update,"In recent entertainment developments, concert and music have become key focuses. Experts discuss the implications of film trends. The entertainment sector continues to evolve with new concert initiatives. Stakeholders monitor music metrics closely. Industry leaders emphasize the importance of film strategies for future growth.",entertainment
Technology News: Startup Hardware Update,"In recent technology developments, startup and hardware have become key focuses. Experts discuss the implications of innovation trends. The technology sector continues to evolve with new startup initiatives. Stakeholders monitor hardware metrics closely. Industry leaders emphasize the importance of innovation strategies for future growth.",technology
Business News: Trade Profit Update,"In recent business developments, trade and profit have become key focuses. Experts discuss the implications of finance trends. The business sector continues to evolve with new trade initiatives. Stakeholders monitor profit metrics closely. Industry leaders emphasize the importance of finance strategies for future growth.",business
Politics News: Election Legislation Update,"In recent politics developments, election and legislation have become key focuses. Experts discuss the implications of diplomacy trends. The politics sector continues to evolve with new election initiatives. Stakeholders monitor legislation metrics closely. Industry leaders emphasize the importance of diplomacy strategies for future growth.",politics
Technology News: Startup Hardware Update,"In recent technology developments, startup and hardware have become key focuses. Experts discuss the implications of digital trends. The technology sector continues to evolve with new startup initiatives. Stakeholders monitor hardware metrics closely. Industry leaders emphasize the importance of digital strategies for future growth.",technology
Entertainment News: Concert Actor Update,"In recent entertainment developments, concert and actor have become key focuses. Experts discuss the implications of celebrity trends. The entertainment sector continues to evolve with new concert initiatives. Stakeholders monitor actor metrics closely. Industry leaders emphasize the importance of celebrity strategies for future growth.",entertainment
Sports News: Tournament Season Update,"In recent sports developments, tournament and season have become key focuses. Experts discuss the implications of championship trends. The sports sector continues to evolve with new tournament initiatives. Stakeholders monitor season metrics closely. Industry leaders emphasize the importance of championship strategies for future growth.",sports
Politics News: Government Parliament Update,"In recent politics developments, government and parliament have become key focuses. Experts discuss the implications of reform trends. The politics sector continues to evolve with new government initiatives. Stakeholders monitor parliament metrics closely. Industry leaders emphasize the importance of reform strategies for future growth.",politics
Politics News: Vote Minister Update,"In recent politics developments, vote and minister have become key focuses. Experts discuss the implications of policy trends. The politics sector continues to evolve with new vote initiatives. Stakeholders monitor minister metrics closely. Industry leaders emphasize the importance of policy strategies for future growth.",politics
Technology News: Algorithm Data Update,"In recent technology developments, algorithm and data have become key focuses. Experts discuss the implications of innovation trends. The technology sector continues to evolve with new algorithm initiatives. Stakeholders monitor data metrics closely. Industry leaders emphasize the importance of innovation strategies for future growth.",technology
Sports News: Athlete Score Update,"In recent sports developments, athlete and score have become key focuses. Experts discuss the implications of match trends. The sports sector continues to evolve with new athlete initiatives. Stakeholders monitor score metrics closely. Industry leaders emphasize the importance of match strategies for future growth.",sports
Politics News: Election Parliament Update,"In recent politics developments, election and parliament have become key focuses. Experts discuss the implications of minister trends. The politics sector continues to evolve with new election initiatives. Stakeholders monitor parliament metrics closely. Industry leaders emphasize the importance of minister strategies for future growth.",politics
Entertainment News: Theater Performance Update,"In recent entertainment developments, theater and performance have become key focuses. Experts discuss the implications of album trends. The entertainment sector continues to evolve with new theater initiatives. Stakeholders monitor performance metrics closely. Industry leaders emphasize the importance of album strategies for future growth.",entertainment
Technology News: Digital Platform Update,"In recent technology developments, digital and platform have become key focuses. Experts discuss the implications of device trends. The technology sector continues to evolve with new digital initiatives. Stakeholders monitor platform metrics closely. Industry leaders emphasize the importance of device strategies for future growth.",technology
Business News: Market Stock Update,"In recent business developments, market and stock have become key focuses. Experts discuss the implications of investment trends. The business sector continues to evolve with new market initiatives. Stakeholders monitor stock metrics closely. Industry leaders emphasize the importance of investment strategies for future growth.",business
Technology News: Network Hardware Update,"In recent technology developments, network and hardware have become key focuses. Experts discuss the implications of algorithm trends. The technology sector continues to evolve with new network initiatives. Stakeholders monitor hardware metrics closely. Industry leaders emphasize the importance of algorithm strategies for future growth.",technology
Sports News: Victory Score Update,"In recent sports developments, victory and score have become key focuses. Experts discuss the implications of tournament trends. The sports sector continues to evolve with new victory initiatives. Stakeholders monitor score metrics closely. Industry leaders emphasize the importance of tournament strategies for future growth.",sports
Entertainment News: Film Music Update,"In recent entertainment developments, film and music have become key focuses. Experts discuss the implications of show trends. The entertainment sector continues to evolve with new film initiatives. Stakeholders monitor music metrics closely. Industry leaders emphasize the importance of show strategies for future growth.",entertainment
Politics News: Policy Minister Update,"In recent politics developments, policy and minister have become key focuses. Experts discuss the implications of vote trends. The politics sector continues to evolve with new policy initiatives. Stakeholders monitor minister metrics closely. Industry leaders emphasize the importance of vote strategies for future growth.",politics
Technology News: Device Software Update,"In recent technology developments, device and software have become key focuses. Experts discuss the implications of startup trends. The technology sector continues to evolve with new device initiatives. Stakeholders monitor software metrics closely. Industry leaders emphasize the importance of startup strategies for future growth.",technology
Entertainment News: Actor Award Update,"In recent entertainment developments, actor and award have become key focuses. Experts discuss the implications of music trends. The entertainment sector continues to evolve with new actor initiatives. Stakeholders monitor award metrics closely. Industry leaders emphasize the importance of music strategies for future growth.",entertainment
Politics News: Diplomacy Parliament Update,"In recent politics developments, diplomacy and parliament have become key focuses. Experts discuss the implications of election trends. The politics sector continues to evolve with new diplomacy initiatives. Stakeholders monitor parliament metrics closely. Industry leaders emphasize the importance of election strategies for future growth.",politics
Politics News: Election Diplomacy Update,"In recent politics developments, election and diplomacy have become key focuses. Experts discuss the implications of government trends. The politics sector continues to evolve with new election initiatives. Stakeholders monitor diplomacy metrics closely. Industry leaders emphasize the importance of government strategies for future growth.",politics
Entertainment News: Album Celebrity Update,"In recent entertainment developments, album and celebrity have become key focuses. Experts discuss the implications of film trends. The entertainment sector continues to evolve with new album initiatives. Stakeholders monitor celebrity metrics closely. Industry leaders emphasize the importance of film strategies for future growth.",entertainment
Business News: Economy Profit Update,"In recent business developments, economy and profit have become key focuses. Experts discuss the implications of company trends. The business sector continues to evolve with new economy initiatives. Stakeholders monitor profit metrics closely. Industry leaders emphasize the importance of company strategies for future growth.",business
Business News: Company Stock Update,"In recent business developments, company and stock have become key focuses. Experts discuss the implications of banking trends. The business sector continues to evolve with new company initiatives. Stakeholders monitor stock metrics closely. Industry leaders emphasize the importance of banking strategies for future growth.",business
Sports News: Player Season Update,"In recent sports developments, player and season have become key focuses. Experts discuss the implications of match trends. The sports sector continues to evolve with new player initiatives. Stakeholders monitor season metrics closely. Industry leaders emphasize the importance of match strategies for future growth.",sports
Technology News: Device Platform Update,"In recent technology developments, device and platform have become key focuses. Experts discuss the implications of digital trends. The technology sector continues to evolve with new device initiatives. Stakeholders monitor platform metrics closely. Industry leaders emphasize the importance of digital strategies for future growth.",technology
Politics News: Diplomacy Vote Update,"In recent politics developments, diplomacy and vote have become key focuses. Experts discuss the implications of parliament trends. The politics sector continues to evolve with new diplomacy initiatives. Stakeholders monitor vote metrics closely. Industry leaders emphasize the importance of parliament strategies for future growth.",politics
Entertainment News: Concert Show Update,"In recent entertainment developments, concert and show have become key focuses. Experts discuss the implications of theater trends. The entertainment sector continues to evolve with new concert initiatives. Stakeholders monitor show metrics closely. Industry leaders emphasize the importance of theater strategies for future growth.",entertainment
Politics News: Campaign Diplomacy Update,"In recent politics developments, campaign and diplomacy have become key focuses. Experts discuss the implications of reform trends. The politics sector continues to evolve with new campaign initiatives. Stakeholders monitor diplomacy metrics closely. Industry leaders emphasize the importance of reform strategies for future growth.",politics
Business News: Company Retail Update,"In recent business developments, company and retail have become key focuses. Experts discuss the implications of stock trends. The business sector continues to evolve with new company initiatives. Stakeholders monitor retail metrics closely. Industry leaders emphasize the importance of stock strategies for future growth.",business
Politics News: Government Diplomacy Update,"In recent politics developments, government and diplomacy have become key focuses. Experts discuss the implications of parliament trends. The politics sector continues to evolve with new government initiatives. Stakeholders monitor diplomacy metrics closely. Industry leaders emphasize the importance of parliament strategies for future growth.",politics
Entertainment News: Concert Film Update,"In recent entertainment developments, concert and film have become key focuses. Experts discuss the implications of music trends. The entertainment sector continues to evolve with new concert initiatives. Stakeholders monitor film metrics closely. Industry leaders emphasize the importance of music strategies for future growth.",entertainment
Business News: Company Stock Update,"In recent business developments, company and stock have become key focuses. Experts discuss the implications of market trends. The business sector continues to evolve with new company initiatives. Stakeholders monitor stock metrics closely. Industry leaders emphasize the importance of market strategies for future growth.",business
Politics News: Policy Diplomacy Update,"In recent politics developments, policy and diplomacy have become key focuses. Experts discuss the implications of parliament trends. The politics sector continues to evolve with new policy initiatives. Stakeholders monitor diplomacy metrics closely. Industry leaders emphasize the importance of parliament strategies for future growth.",politics
Politics News: Campaign Parliament Update,"In recent politics developments, campaign and parliament have become key focuses. Experts discuss the implications of election trends. The politics sector continues to evolve with new campaign initiatives. Stakeholders monitor parliament metrics closely. Industry leaders emphasize the importance of election strategies for future growth.",politics
Entertainment News: Performance Celebrity Update,"In recent entertainment developments, performance and celebrity have become key focuses. Experts discuss the implications of concert trends. The entertainment sector continues to evolve with new performance initiatives. Stakeholders monitor celebrity metrics closely. Industry leaders emphasize the importance of concert strategies for future growth.",entertainment
Sports News: Athlete Championship Update,"In recent sports developments, athlete and championship have become key focuses. Experts discuss the implications of player trends. The sports sector continues to evolve with new athlete initiatives. Stakeholders monitor championship metrics closely. Industry leaders emphasize the importance of player strategies for future growth.",sports
Business News: Trade Economy Update,"In recent business developments, trade and economy have become key focuses. Experts discuss the implications of retail trends. The business sector continues to evolve with new trade initiatives. Stakeholders monitor economy metrics closely. Industry leaders emphasize the importance of retail strategies for future growth.",business
Sports News: Score Team Update,"In recent sports developments, score and team have become key focuses. Experts discuss the implications of player trends. The sports sector continues to evolve with new score initiatives. Stakeholders monitor team metrics closely. Industry leaders emphasize the importance of player strategies for future growth.",sports
Business News: Trade Economy Update,"In recent business developments, trade and economy have become key focuses. Experts discuss the implications of stock trends. The business sector continues to evolve with new trade initiatives. Stakeholders monitor economy metrics closely. Industry leaders emphasize the importance of stock strategies for future growth.",business
Technology News: Innovation Algorithm Update,"In recent technology developments, innovation and algorithm have become key focuses. Experts discuss the implications of device trends. The technology sector continues to evolve with new innovation initiatives. Stakeholders monitor algorithm metrics closely. Industry leaders emphasize the importance of device strategies for future growth.",technology
Technology News: Network Digital Update,"In recent technology developments, network and digital have become key focuses. Experts discuss the implications of startup trends. The technology sector continues to evolve with new network initiatives. Stakeholders monitor digital metrics closely. Industry leaders emphasize the importance of startup strategies for future growth.",technology
Sports News: Championship Player Update,"In recent sports developments, championship and player have become key focuses. Experts discuss the implications of score trends. The sports sector continues to evolve with new championship initiatives. Stakeholders monitor player metrics closely. Industry leaders emphasize the importance of score strategies for future growth.",sports
Entertainment News: Music Film Update,"In recent entertainment developments, music and film have become key focuses. Experts discuss the implications of award trends. The entertainment sector continues to evolve with new music initiatives. Stakeholders monitor film metrics closely. Industry leaders emphasize the importance of award strategies for future growth.",entertainment
Business News: Company Investment Update,"In recent business developments, company and investment have become key focuses. Experts discuss the implications of trade trends. The business sector continues to evolve with new company initiatives. Stakeholders monitor investment metrics closely. Industry leaders emphasize the importance of trade strategies for future growth.",business
Sports News: Score Championship Update,"In recent sports developments, score and championship have become key focuses. Experts discuss the implications of athlete trends. The sports sector continues to evolve with new score initiatives. Stakeholders monitor championship metrics closely. Industry leaders emphasize the importance of athlete strategies for future growth.",sports
Business News: Investment Trade Update,"In recent business developments, investment and trade have become key focuses. Experts discuss the implications of market trends. The business sector continues to evolve with new investment initiatives. Stakeholders monitor trade metrics closely. Industry leaders emphasize the importance of market strategies for future growth.",business
Sports News: Tournament Score Update,"In recent sports developments, tournament and score have become key focuses. Experts discuss the implications of victory trends. The sports sector continues to evolve with new tournament initiatives. Stakeholders monitor score metrics closely. Industry leaders emphasize the importance of victory strategies for future growth.",sports
Sports News: Season Score Update,"In recent sports developments, season and score have become key focuses. Experts discuss the implications of match trends. The sports sector continues to evolve with new season initiatives. Stakeholders monitor score metrics closely. Industry leaders emphasize the importance of match strategies for future growth.",sports
Technology News: Startup Innovation Update,"In recent technology developments, startup and innovation have become key focuses. Experts discuss the implications of software trends. The technology sector continues to evolve with new startup initiatives. Stakeholders monitor innovation metrics closely. Industry leaders emphasize the importance of software strategies for future growth.",technology
Entertainment News: Award Film Update,"In recent entertainment developments, award and film have become key focuses. Experts discuss the implications of album trends. The entertainment sector continues to evolve with new award initiatives. Stakeholders monitor film metrics closely. Industry leaders emphasize the importance of album strategies for future growth.",entertainment
Business News: Market Finance Update,"In recent business developments, market and finance have become key focuses. Experts discuss the implications of investment trends. The business sector continues to evolve with new market initiatives. Stakeholders monitor finance metrics closely. Industry leaders emphasize the importance of investment strategies for future growth.",business
Business News: Banking Stock Update,"In recent business developments, banking and stock have become key focuses. Experts discuss the implications of investment trends. The business sector continues to evolve with new banking initiatives. Stakeholders monitor stock metrics closely. Industry leaders emphasize the importance of investment strategies for future growth.",business
Business News: Retail Stock Update,"In recent business developments, retail and stock have become key focuses. Experts discuss the implications of company trends. The business sector continues to evolve with new retail initiatives. Stakeholders monitor stock metrics closely. Industry leaders emphasize the importance of company strategies for future growth.",business
Sports News: Player Championship Update,"In recent sports developments, player and championship have become key focuses. Experts discuss the implications of team trends. The sports sector continues to evolve with new player initiatives. Stakeholders monitor championship metrics closely. Industry leaders emphasize the importance of team strategies for future growth.",sports
Entertainment News: Music Theater Update,"In recent entertainment developments, music and theater have become key focuses. Experts discuss the implications of album trends. The entertainment sector continues to evolve with new music initiatives. Stakeholders monitor theater metrics closely. Industry leaders emphasize the importance of album strategies for future growth.",entertainment
Politics News: Parliament Legislation Update,"In recent politics developments, parliament and legislation have become key focuses. Experts discuss the implications of reform trends. The politics sector continues to evolve with new parliament initiatives. Stakeholders monitor legislation metrics closely. Industry leaders emphasize the importance of reform strategies for future growth.",politics
Politics News: Vote Election Update,"In recent politics developments, vote and election have become key focuses. Experts discuss the implications of minister trends. The politics sector continues to evolve with new vote initiatives. Stakeholders monitor election metrics closely. Industry leaders emphasize the importance of minister strategies for future growth.",politics
Sports News: Coach Player Update,"In recent sports developments, coach and player have become key focuses. Experts discuss the implications of team trends. The sports sector continues to evolve with new coach initiatives. Stakeholders monitor player metrics closely. Industry leaders emphasize the importance of team strategies for future growth.",sports
Sports News: Victory Player Update,"In recent sports developments, victory and player have become key focuses. Experts discuss the implications of season trends. The sports sector continues to evolve with new victory initiatives. Stakeholders monitor player metrics closely. Industry leaders emphasize the importance of season strategies for future growth.",sports
Entertainment News: Concert Award Update,"In recent entertainment developments, concert and award have become key focuses. Experts discuss the implications of show trends. The entertainment sector continues to evolve with new concert initiatives. Stakeholders monitor award metrics closely. Industry leaders emphasize the importance of show strategies for future growth.",entertainment
Technology News: Data Hardware Update,"In recent technology developments, data and hardware have become key focuses. Experts discuss the implications of innovation trends. The technology sector continues to evolve with new data initiatives. Stakeholders monitor hardware metrics closely. Industry leaders emphasize the importance of innovation strategies for future growth.",technology
Politics News: Minister Election Update,"In recent politics developments, minister and election have become key focuses. Experts discuss the implications of campaign trends. The politics sector continues to evolve with new minister initiatives. Stakeholders monitor election metrics closely. Industry leaders emphasize the importance of campaign strategies for future growth.",politics
Entertainment News: Show Award Update,"In recent entertainment developments, show and award have become key focuses. Experts discuss the implications of film trends. The entertainment sector continues to evolve with new show initiatives. Stakeholders monitor award metrics closely. Industry leaders emphasize the importance of film strategies for future growth.",entertainment
Entertainment News: Show Music Update,"In recent entertainment developments, show and music have become key focuses. Experts discuss the implications of actor trends. The entertainment sector continues to evolve with new show initiatives. Stakeholders monitor music metrics closely. Industry leaders emphasize the importance of actor strategies for future growth.",entertainment
Politics News: Policy Reform Update,"In recent politics developments, policy and reform have become key focuses. Experts discuss the implications of election trends. The politics sector continues to evolve with new policy initiatives. Stakeholders monitor reform metrics closely. Industry leaders emphasize the importance of election strategies for future growth.",politics
Politics News: Minister Parliament Update,"In recent politics developments, minister and parliament have become key focuses. Experts discuss the implications of legislation trends. The politics sector continues to evolve with new minister initiatives. Stakeholders monitor parliament metrics closely. Industry leaders emphasize the importance of legislation strategies for future growth.",politics
Technology News: Startup Platform Update,"In recent technology developments, startup and platform have become key focuses. Experts discuss the implications of device trends. The technology sector continues to evolve with new startup initiatives. Stakeholders monitor platform metrics closely. Industry leaders emphasize the importance of device strategies for future growth.",technology
Politics News: Government Policy Update,"In recent politics developments, government and policy have become key focuses. Experts discuss the implications of vote trends. The politics sector continues to evolve with new government initiatives. Stakeholders monitor policy metrics closely. Industry leaders emphasize the importance of vote strategies for future growth.",politics
Politics News: Government Reform Update,"In recent politics developments, government and reform have become key focuses. Experts discuss the implications of legislation trends. The politics sector continues to evolve with new government initiatives. Stakeholders monitor reform metrics closely. Industry leaders emphasize the importance of legislation strategies for future growth.",politics
Technology News: Startup Digital Update,"In recent technology developments, startup and digital have become key focuses. Experts discuss the implications of device trends. The technology sector continues to evolve with new startup initiatives. Stakeholders monitor digital metrics closely. Industry leaders emphasize the importance of device strategies for future growth.",technology
Entertainment News: Theater Award Update,"In recent entertainment developments, theater and award have become key focuses. Experts discuss the implications of film trends. The entertainment sector continues to evolve with new theater initiatives. Stakeholders monitor award metrics closely. Industry leaders emphasize the importance of film strategies for future growth.",entertainment
Business News: Stock Investment Update,"In recent business developments, stock and investment have become key focuses. Experts discuss the implications of market trends. The business sector continues to evolve with new stock initiatives. Stakeholders monitor investment metrics closely. Industry leaders emphasize the importance of market strategies for future growth.",business
Politics News: Reform Diplomacy Update,"In recent politics developments, reform and diplomacy have become key focuses. Experts discuss the implications of election trends. The politics sector continues to evolve with new reform initiatives. Stakeholders monitor diplomacy metrics closely. Industry leaders emphasize the importance of election strategies for future growth.",politics
Sports News: Match Team Update,"In recent sports developments, match and team have become key focuses. Experts discuss the implications of tournament trends. The sports sector continues to evolve with new match initiatives. Stakeholders monitor team metrics closely. Industry leaders emphasize the importance of tournament strategies for future growth.",sports
Politics News: Government Legislation Update,"In recent politics developments, government and legislation have become key focuses. Experts discuss the implications of parliament trends. The politics sector continues to evolve with new government initiatives. Stakeholders monitor legislation metrics closely. Industry leaders emphasize the importance of parliament strategies for future growth.",politics
Technology News: Hardware Data Update,"In recent technology developments, hardware and data have become key focuses. Experts discuss the implications of network trends. The technology sector continues to evolve with new hardware initiatives. Stakeholders monitor data metrics closely. Industry leaders emphasize the importance of network strategies for future growth.",technology
Entertainment News: Actor Concert Update,"In recent entertainment developments, actor and concert have become key focuses. Experts discuss the implications of performance trends. The entertainment sector continues to evolve with new actor initiatives. Stakeholders monitor concert metrics closely. Industry leaders emphasize the importance of performance strategies for future growth.",entertainment
Technology News: Network Software Update,"In recent technology developments, network and software have become key focuses. Experts discuss the implications of digital trends. The technology sector continues to evolve with new network initiatives. Stakeholders monitor software metrics closely. Industry leaders emphasize the importance of digital strategies for future growth.",technology
Politics News: Vote Parliament Update,"In recent politics developments, vote and parliament have become key focuses. Experts discuss the implications of minister trends. The politics sector continues to evolve with new vote initiatives. Stakeholders monitor parliament metrics closely. Industry leaders emphasize the importance of minister strategies for future growth.",politics
Technology News: Hardware Network Update,"In recent technology developments, hardware and network have become key focuses. Experts discuss the implications of software trends. The technology sector continues to evolve with new hardware initiatives. Stakeholders monitor network metrics closely. Industry leaders emphasize the importance of software strategies for future growth.",technology
Sports News: Championship Victory Update,"In recent sports developments, championship and victory have become key focuses. Experts discuss the implications of score trends. The sports sector continues to evolve with new championship initiatives. Stakeholders monitor victory metrics closely. Industry leaders emphasize the importance of score strategies for future growth.",sports
Politics News: Minister Parliament Update,"In recent politics developments, minister and parliament have become key focuses. Experts discuss the implications of diplomacy trends. The politics sector continues to evolve with new minister initiatives. Stakeholders monitor parliament metrics closely. Industry leaders emphasize the importance of diplomacy strategies for future growth.",politics
Business News: Company Trade Update,"In recent business developments, company and trade have become key focuses. Experts discuss the implications of economy trends. The business sector continues to evolve with new company initiatives. Stakeholders monitor trade metrics closely. Industry leaders emphasize the importance of economy strategies for future growth.",business
Politics News: Policy Minister Update,"In recent politics developments, policy and minister have become key focuses. Experts discuss the implications of legislation trends. The politics sector continues to evolve with new policy initiatives. Stakeholders monitor minister metrics closely. Industry leaders emphasize the importance of legislation strategies for future growth.",politics
Entertainment News: Theater Award Update,"In recent entertainment developments, theater and award have become key focuses. Experts discuss the implications of album trends. The entertainment sector continues to evolve with new theater initiatives. Stakeholders monitor award metrics closely. Industry leaders emphasize the importance of album strategies for future growth.",entertainment
Business News: Stock Profit Update,"In recent business developments, stock and profit have become key focuses. Experts discuss the implications of investment trends. The business sector continues to evolve with new stock initiatives. Stakeholders monitor profit metrics closely. Industry leaders emphasize the importance of investment strategies for future growth.",business
Entertainment News: Show Film Update,"In recent entertainment developments, show and film have become key focuses. Experts discuss the implications of music trends. The entertainment sector continues to evolve with new show initiatives. Stakeholders monitor film metrics closely. Industry leaders emphasize the importance of music strategies for future growth.",entertainment
Entertainment News: Theater Album Update,"In recent entertainment developments, theater and album have become key focuses. Experts discuss the implications of award trends. The entertainment sector continues to evolve with new theater initiatives. Stakeholders monitor album metrics closely. Industry leaders emphasize the importance of award strategies for future growth.",entertainment
Sports News: Victory Season Update,"In recent sports developments, victory and season have become key focuses. Experts discuss the implications of player trends. The sports sector continues to evolve with new victory initiatives. Stakeholders monitor season metrics closely. Industry leaders emphasize the importance of player strategies for future growth.",sports
Sports News: Victory Championship Update,"In recent sports developments, victory and championship have become key focuses. Experts discuss the implications of tournament trends. The sports sector continues to evolve with new victory initiatives. Stakeholders monitor championship metrics closely. Industry leaders emphasize the importance of tournament strategies for future growth.",sports
Business News: Trade Market Update,"In recent business developments, trade and market have become key focuses. Experts discuss the implications of company trends. The business sector continues to evolve with new trade initiatives. Stakeholders monitor market metrics closely. Industry leaders emphasize the importance of company strategies for future growth.",business
Politics News: Vote Policy Update,"In recent politics developments, vote and policy have become key focuses. Experts discuss the implications of legislation trends. The politics sector continues to evolve with new vote initiatives. Stakeholders monitor policy metrics closely. Industry leaders emphasize the importance of legislation strategies for future growth.",politics
Entertainment News: Album Music Update,"In recent entertainment developments, album and music have become key focuses. Experts discuss the implications of show trends. The entertainment sector continues to evolve with new album initiatives. Stakeholders monitor music metrics closely. Industry leaders emphasize the importance of show strategies for future growth.",entertainment
Entertainment News: Show Theater Update,"In recent entertainment developments, show and theater have become key focuses. Experts discuss the implications of album trends. The entertainment sector continues to evolve with new show initiatives. Stakeholders monitor theater metrics closely. Industry leaders emphasize the importance of album strategies for future growth.",entertainment
Sports News: Tournament Season Update,"In recent sports developments, tournament and season have become key focuses. Experts discuss the implications of match trends. The sports sector continues to evolve with new tournament initiatives. Stakeholders monitor season metrics closely. Industry leaders emphasize the importance of match strategies for future growth.",sports
Technology News: Network Algorithm Update,"In recent technology developments, network and algorithm have become key focuses. Experts discuss the implications of digital trends. The technology sector continues to evolve with new network initiatives. Stakeholders monitor algorithm metrics closely. Industry leaders emphasize the importance of digital strategies for future growth.",technology
Entertainment News: Performance Show Update,"In recent entertainment developments, performance and show have become key focuses. Experts discuss the implications of theater trends. The entertainment sector continues to evolve with new performance initiatives. Stakeholders monitor show metrics closely. Industry leaders emphasize the importance of theater strategies for future growth.",entertainment
Entertainment News: Film Show Update,"In recent entertainment developments, film and show have become key focuses. Experts discuss the implications of award trends. The entertainment sector continues to evolve with new film initiatives. Stakeholders monitor show metrics closely. Industry leaders emphasize the importance of award strategies for future growth.",entertainment
Technology News: Network Data Update,"In recent technology developments, network and data have become key focuses. Experts discuss the implications of device trends. The technology sector continues to evolve with new network initiatives. Stakeholders monitor data metrics closely. Industry leaders emphasize the importance of device strategies for future growth.",technology
Sports News: Score Championship Update,"In recent sports developments, score and championship have become key focuses. Experts discuss the implications of victory trends. The sports sector continues to evolve with new score initiatives. Stakeholders monitor championship metrics closely. Industry leaders emphasize the importance of victory strategies for future growth.",sports
Technology News: Hardware Startup Update,"In recent technology developments, hardware and startup have become key focuses. Experts discuss the implications of data trends. The technology sector continues to evolve with new hardware initiatives. Stakeholders monitor startup metrics closely. Industry leaders emphasize the importance of data strategies for future growth.",technology
Business News: Company Profit Update,"In recent business developments, company and profit have become key focuses. Experts discuss the implications of retail trends. The business sector continues to evolve with new company initiatives. Stakeholders monitor profit metrics closely. Industry leaders emphasize the importance of retail strategies for future growth.",business
Technology News: Digital Software Update,"In recent technology developments, digital and software have become key focuses. Experts discuss the implications of platform trends. The technology sector continues to evolve with new digital initiatives. Stakeholders monitor software metrics closely. Industry leaders emphasize the importance of platform strategies for future growth.",technology
Technology News: Device Hardware Update,"In recent technology developments, device and hardware have become key focuses. Experts discuss the implications of algorithm trends. The technology sector continues to evolve with new device initiatives. Stakeholders monitor hardware metrics closely. Industry leaders emphasize the importance of algorithm strategies for future growth.",technology
Sports News: Victory Championship Update,"In recent sports developments, victory and championship have become key focuses. Experts discuss the implications of athlete trends. The sports sector continues to evolve with new victory initiatives. Stakeholders monitor championship metrics closely. Industry leaders emphasize the importance of athlete strategies for future growth.",sports
Sports News: Athlete Championship Update,"In recent sports developments, athlete and championship have become key focuses. Experts discuss the implications of match trends. The sports sector continues to evolve with new athlete initiatives. Stakeholders monitor championship metrics closely. Industry leaders emphasize the importance of match strategies for future growth.",sports
Business News: Stock Trade Update,"In recent business developments, stock and trade have become key focuses. Experts discuss the implications of company trends. The business sector continues to evolve with new stock initiatives. Stakeholders monitor trade metrics closely. Industry leaders emphasize the importance of company strategies for future growth.",business
Technology News: Platform Device Update,"In recent technology developments, platform and device have become key focuses. Experts discuss the implications of software trends. The technology sector continues to evolve with new platform initiatives. Stakeholders monitor device metrics closely. Industry leaders emphasize the importance of software strategies for future growth.",technology
Entertainment News: Concert Music Update,"In recent entertainment developments, concert and music have become key focuses. Experts discuss the implications of celebrity trends. The entertainment sector continues to evolve with new concert initiatives. Stakeholders monitor music metrics closely. Industry leaders emphasize the importance of celebrity strategies for future growth.",entertainment
Technology News: Device Platform Update,"In recent technology developments, device and platform have become key focuses. Experts discuss the implications of data trends. The technology sector continues to evolve with new device initiatives. Stakeholders monitor platform metrics closely. Industry leaders emphasize the importance of data strategies for future growth.",technology
Sports News: Victory Season Update,"In recent sports developments, victory and season have become key focuses. Experts discuss the implications of athlete trends. The sports sector continues to evolve with new victory initiatives. Stakeholders monitor season metrics closely. Industry leaders emphasize the importance of athlete strategies for future growth.",sports
Entertainment News: Celebrity Actor Update,"In recent entertainment developments, celebrity and actor have become key focuses. Experts discuss the implications of performance trends. The entertainment sector continues to evolve with new celebrity initiatives. Stakeholders monitor actor metrics closely. Industry leaders emphasize the importance of performance strategies for future growth.",entertainment
Sports News: Tournament Championship Update,"In recent sports developments, tournament and championship have become key focuses. Experts discuss the implications of victory trends. The sports sector continues to evolve with new tournament initiatives. Stakeholders monitor championship metrics closely. Industry leaders emphasize the importance of victory strategies for future growth.",sports
Entertainment News: Celebrity Concert Update,"In recent entertainment developments, celebrity and concert have become key focuses. Experts discuss the implications of show trends. The entertainment sector continues to evolve with new celebrity initiatives. Stakeholders monitor concert metrics closely. Industry leaders emphasize the importance of show strategies for future growth.",entertainment
Sports News: Player Tournament Update,"In recent sports developments, player and tournament have become key focuses. Experts discuss the implications of championship trends. The sports sector continues to evolve with new player initiatives. Stakeholders monitor tournament metrics closely. Industry leaders emphasize the importance of championship strategies for future growth.",sports
